構面,推動重點,具體作法,大標題,中標題,小標題,最小標題,內容
教學,強化教學品質,推廣創新教學模式,推動程式語言及數位應用課程/學程,,,,以「千塘之鄉」的桃園地方文化資產為創作素材，採取問題導向、創意啟發與創客創新的創新教學方法。
教學,強化教學品質,推廣創新教學模式,強化學生溝通與表述力,,,,以「敘事」、「議題」為主軸的專題講授方式，引導學生進行思辨討論。
教學,強化教學品質,推廣創新教學模式,強化學生溝通與表述力,,,,於課程中設置議題之引導討論。
教學,強化教學品質,推廣創新教學模式,落實教師多元升等,,,,引導元智教師持續研發創新教學方法。
教學,強化教學品質,推廣創新教學模式,任務導向跨領域榮譽學程,,,,榮譽學程以任務導向學習（Purpose Learning）及設計導向學習（Design Thinking）概念出發。
教學,強化教學品質,推廣創新教學模式,以產業與研究中心為核心的跨領域學程,,,,預計將強化設計思考與創新相關基礎課程，聚焦重點產業，針對實務問題培養學生實作解決方案。
教學,強化教學品質,訂定核心能力，規劃課程地圖,國際認證教學品保,,,,定期檢視校院系的教育目標與核心能力，並依國際情勢與社會產業需求及各系特色，修訂課程架構。
教學,強化教學品質,強化課程內容,翻轉語文,,,,課程架構修訂：修訂課程目標、研議修課規則等等，帶動課程教材教法的變革。
教學,強化教學品質,培育優良教學助教/人力,強化學生溝通與表述力,,,,訓練敘事教學之助教。
教學,強化教學品質,培育優良教學助教/人力,國際認證教學品保,,,,制定「教學助理制度實施辦法」，於專業課程配置助教，辦法中明確規範教學助理之運作、分類、培訓、考核與獎勵制度等。
教學,強化教學品質,教師專業分享輔導機制,數位教學支援,,,,辦理VR/AR教師工作坊與邀請具經驗教師進行教學經驗分享。
教學,強化教學品質,教師專業分享輔導機制,通識履學典創豐行,,,,建立課群合作機制：藉由教師間的相互聯繫與合作，將通識課程由點狀課程聯結為線狀課程。
教學,強化教學品質,教師專業分享輔導機制,強化學生溝通與表述力,,,,將核心教師群擴大為包含教師與助教之「敘事教學團隊」，進行教材共備、教師增能等案之規劃與執行。
教學,強化教學品質,教師專業分享輔導機制,教師教學成長協助,,,,創意教學風雲會：邀請校內外知名講者為教師帶來最新的教學議題，分享各種教學經驗。
教學,強化教學品質,教師專業分享輔導機制,教師教學成長協助,,,,教學創新解密工作坊：邀請各領域講者以工作坊帶領本校教師探討教學議題、促進教師教學交流與自主學習，並增加互動、操作及討論。
教學,強化教學品質,教師專業分享輔導機制,教師教學成長協助,,,,支持跨領域教師社群，利用「主題式」的方式探討各項議題。
教學,強化教學品質,教師專業分享輔導機制,教師教學成長協助,,,,邀請校內外專家學者分享、參訪、研習營、共同教學或互相觀課等方式，提升教師教學品質。
教學,強化教學品質,教師專業分享輔導機制,教師教學成長協助,,,,藉由教學技巧研習、經驗傳承、工作坊等形式，補助社群內教師辦理與課程改革相關活動。
教學,強化教學品質,教師專業分享輔導機制,教師教學成長協助,,,,教師創新教學電子出版：鼓勵教師投稿教學創新思維、創意教學實務、創新課程設計、多元教學等相關議題。依各期主題由學院輪流主辦，或以研討會邀稿方式，再集合成論文集出版。
教學,強化教學品質,教師專業分享輔導機制,落實教師多元升等,,,,設置專責單位透過辦理相關工作坊協助教師申請教師教學實踐研究計畫。
教學,強化教學品質,教師專業分享輔導機制,任務導向跨領域榮譽學程,,,,交換教師。
教學,強化教學品質,教師專業分享輔導機制,任務導向跨領域榮譽學程,,,,舉辦跨領域教學工作坊、英語創新教學工作坊、教師海外研修專案。
教學,強化教學品質,教師專業分享輔導機制,國際名校教研合作,,,,舉辦教學研究工作坊。
教學,強化教學品質,教師專業分享輔導機制,國際名校教研合作,,,,教學觀摩：本校教授也前往香港大學共同教授4門語言學或語言學習相關課程，也觀摩該國際大學授課方式。
教學,強化教學品質,教師專業分享輔導機制,教師國際化教研培力,,,,舉辦英語授課工作坊，邀請國際專業導師（Mentor）個別指導。
教學,強化教學品質,教師專業分享輔導機制,教師國際化教研培力,,,,規劃跨領域創新教師社群，觀摩美國史丹佛大學d.school、MIT media lab、Google、Facebook。
教學,強化教學品質,教師專業分享輔導機制,教師國際化教研培力,,,,參加美國聖母大學國際科技創業工作坊，將跨域創新創業教育模式移植到元智發展。
教學,強化教學品質,教師專業分享輔導機制,積極延攬國內外優秀人才,,,,教師成長：舉辦新進教師研究啟動扶助、各類進修研習活動、國際學術會議補助、教師休假研究進修、授課鐘點折抵等。
教學,強化教學品質,健全教師（學）評鑑制度,落實教師多元升等,,,,建立教學導向的考核制度。
教學,強化教學品質,健全教師（學）評鑑制度,國際認證教學品保,,,,自辦外部系所自我評鑑。
教學,強化教學品質,推動多元升等,數位教學支援,,,,鼓勵教師採取適當的研究方法與評量工具，檢證學生的學習成效，除了成果歷程可用於教學研究發表外，更可作為教學研究升等之基礎。
教學,強化教學品質,推動多元升等,落實教師多元升等,,,,除原有之學術研究升等外，另規劃教學研究及產學研究升等條件。
教學,強化教學品質,推動多元升等,落實教師多元升等,,,,落實教師分流計畫。
教學,強化教學品質,推動多元升等,積極延攬國內外優秀人才,,,,落實教師多元升等：透過年度績效成果主動發掘或遴聘具教學創新潛力或具產學實務能量之教師，並階段性導引教師以教學研究（實務）或應用研究成果辦理升等。
教學,強化教學品質,推動多元升等,制度法規鬆綁,,,,積極推動多元升等制度。
教學,強化教學品質,健全教學獎勵制度,教學精進專案,,,,針對數位學習、共時授課與創客課程亦提供1.3至1.5倍不等的鐘點費，老師可以選擇支領額外超鐘點費，或以相同的時數折抵基本上課時數。
教學,強化教學品質,健全教學獎勵制度,教學精進專案,,,,優先補助以下四項類別之課程：教學模式類（個案教學/共時授課/各種教學方法之新結合）、教學成果類（實作作品/競賽/戲劇/展演）、新興推廣類（微課程/自主學習/創新創意/議題導向實作/創客/AR與VR）、教材發展類（自編教材）。
教學,強化教學品質,健全教學獎勵制度,教師獎勵制度,,,,教師績效獎勵於「教學」項目之獎勵評核分為「傑出」、「特優」、「優」三等級，並依其等第分別核發獎勵金，全校教學傑出獎每年至多5名，最高獎金10萬元。
教學,強化教學品質,健全教學獎勵制度,教師獎勵制度,,,,設立創新教學獎勵辦法鼓勵教師。教學創新獎每年至多6名，最高獎金10萬元。
教學,強化教學品質,健全教學獎勵制度,任務導向跨領域榮譽學程,,,,邀請校內跨領域專長教學研究傑出教師加入授課團隊，教師授課鐘點以1.5倍計算。
教學,強化教學品質,健全教學獎勵制度,積極延攬國內外優秀人才,,,,彈性薪資：訂定「彈性薪資實施辦法」，延攬國內外優秀學者，亦獎勵本校績效表現優異之教師，並以「元智大學教師發展與獎勵階梯」為依據，分級核發彈性薪資。
教學,強化教學品質,健全教學獎勵制度,積極延攬國內外優秀人才,,,,晉升階梯：建立完善的教師發展階梯制度，從青年學者獎，到各領域傑出教授選拔，接續各類講座教授選聘等。
教學,強化教學品質,健全教學獎勵制度,積極延攬國內外優秀人才,,,,依教師在教學、研究、輔導暨服務之績效評核結果核發教師績效獎金。
教學,強化教學品質,健全教學獎勵制度,積極延攬國內外優秀人才,,,,額外核發元智津貼，吸引國內外學者進駐。
教學,強化教學品質,減輕教師教學負擔,教學精進專案,,,,以學年為單位，讓老師有更高的彈性調整每學期授課鐘點時數。
教學,強化教學品質,減輕教師教學負擔,持續調降生師比,,,,積極延攬國內外優秀人才及年輕學者。
教學,強化教學品質,減輕教師教學負擔,持續調降生師比,,,,輔導優秀客座/兼任教師轉聘為專任或專案教師。
教學,強化教學品質,減輕教師教學負擔,彈性調整專兼任教師結構,,,,以多元創新為導向，調整院系專兼任教師比例。
教學,強化教學品質,減輕教師教學負擔,彈性調整專兼任教師結構,,,,依院系所特性檢討兼任教師聘用之合理性。
教學,強化教學品質,建立教學改善回饋系統,數位教學支援,,,,經過提案教師實際應用於課程後進行測試、修改並評估學習效益。
教學,強化教學品質,建立教學改善回饋系統,落實教師多元升等,,,,與本校校務研究中心合作，規劃校務研究資料庫長期建立學生學習相關指標、掌握學生學習成效。
教學,強化教學品質,建立教學改善回饋系統,國際認證教學品保,,,,運用問卷調查結果，改善學生核心能力雷達圖。
教學,強化教學品質,建立教學改善回饋系統,國際認證教學品保,,,,從核心能力與實際授課情形相符度來對照，可作為教師教學增進參考。
教學,強化教學品質,教學單位國際認證,國際認證教學品保,,,,國內外專業評鑑機構認可之國際教育認證（IEET 、AACSB）。
教學,強化教學品質,提升教師群專業度,持續調降生師比,,,,延攬本校周邊具生產力/影響力之產官學專業人士或本校優秀校友等擔任教職。
教學,強化教學品質,提升教師群專業度,持續調降生師比,,,,鼓勵校內優秀職技同仁進修取得碩博士學位，並輔導轉任教職。
教學,跨領域學習,規劃跨領域學位（分）學程,推動程式語言及數位應用課程/學程,,,,工業4.0－智慧生產學程：規劃跨領域的「工業4.0－智慧生產學程」培養具備智慧生產所需的系統整合人才。
教學,跨領域學習,規劃跨領域學位（分）學程,推動程式語言及數位應用課程/學程,,,,規劃FinTech跨域學程。
教學,跨領域學習,規劃跨領域學位（分）學程,推動程式語言及數位應用課程/學程,,,,數位創新與創業學程：「數位創新與創業學程」著重課程專業知識教授、實務實作課程、數位商業創新模式發展、與重視社會責任發展為導向。
教學,跨領域學習,規劃跨領域學位（分）學程,推動程式語言及數位應用課程/學程,,,,數位經濟學程：數位經濟學程將強化「數位經濟」、「新興市場議題」、「全球實業實務」等進階課程，並與落實「國際企業的全球在地化」與「網路平台的全球在地化」的訓練。
教學,跨領域學習,規劃跨領域學位（分）學程,成立跨領域「數位創新」虛擬學院,,,,藉由數位創新虛擬學院開設全校性跨領域與共時授課課程。
教學,跨領域學習,規劃跨領域學位（分）學程,各院英語專班全校奠定基礎,,,,大二10%學生可自由轉系，優秀學生可申請加入「遠智跨域榮譽學程」。
教學,跨領域學習,跨領域教學,數位創客,,,,暑假時與義大利波隆納大學合作開設暑期設計課程
教學,跨領域學習,跨領域教學,物聯網數位應用平台,,,,跨領域整合：訓練學生整合物聯網、資訊科技、巨量資料分析等各種不同領域的能力。
教學,跨領域學習,跨領域教學,產學雙師就業領航,,,,以院級工作坊為推行單位。
教學,提高學習自由度及彈性,調降系必修學分,以學院為核心進行課程重整、降低必修學分、增加自由選修學分及自由轉系名額、推動議題導向實作,,,,將朝降低各系必修學分數，課程模組化或雙專長推動。
教學,提高學習自由度及彈性,微學分（彈性學分）,微課自主跨域樂學,,,,成立「募課平台」，由學生主動提出有興趣的微型課程，經評估後得以開課實現。
教學,提高學習自由度及彈性,微學分（彈性學分）,打造開放式學習環境,,,,結合微學分、學分銀行、課程模組、彈性學程及自主學習等概念，配合各學院及通識教學部開辦的專題講座，累計「微學分」。
教學,提高學習自由度及彈性,深碗課程,微課自主跨域樂學,,,,「課程型」自主學習：本模式屬於「深碗型」的自主學習形態，必須先修習相關領域的基礎知識，於取得基礎知識的學分後，得以提出「自主學習」的申請。
教學,人才國際化,增進外語能力,翻轉語文,,,,以競賽等等鼓勵學生多將表述能力呈現在生活中。
教學,人才國際化,增進外語能力,各院英語專班全校奠定基礎,,,,管院英專班須達CEFR B2中高級（相當於多益750分以上）。
教學,人才國際化,增進外語能力,各院英語專班全校奠定基礎,,,,外籍生則需通過中文檢定CEFR A2。
教學,人才國際化,增進外語能力,國際名校教研合作,,,,共同授課：邀請香港大學教授來元智共同教授3門專業英語及語言學習相關課程。
教學,人才國際化,增進外語能力,學生全球探索研修,,,,開設泰語課程列為泰國實習前必選科目。
教學,人才國際化,增進外語能力,專業實習無縫接軌,,,,因應海外實習需求，開設實習所在國之語言課程。
教學,人才國際化,多元文化/文化交流,佈建友善國際學習環境,,,,國際文化交融：舉辦各國文化講座及活動，配合時令舉辦中秋節做月餅烤肉、端午節縫香包吃粽子、萬聖節裝扮遊行、聖誕節報佳音等活動。
教學,人才國際化,多元文化/文化交流,國際工作坊及營隊、研討會、競賽及營隊,,,,夏日學校：由元智學生擔任助教或輔導員，舉辦台灣文化探索營、創客營、日歐緬甸華裔青年文化體驗營。
教學,人才國際化,辦理海外參訪或移地教學,任務導向跨領域榮譽學程,,,,海外研習微課程。
教學,人才國際化,辦理海外參訪或移地教學,任務導向跨領域榮譽學程,,,,師生移地教學。
教學,人才國際化,辦理海外參訪或移地教學,國際名校教研合作,,,,參訪產學合作成功之新創公司。
教學,人才國際化,辦理海外參訪或移地教學,國際名校教研合作,,,,與區域產業充分結合，實地參訪義大利著名公司。
教學,人才國際化,辦理海外參訪或移地教學,國際名校教研合作,,,,提升海外移地教學師生至20人。
教學,人才國際化,辦理海外參訪或移地教學,國際名校教研合作,,,,移地學習：每年遴選30名元智學生至香港大學研習1周。
教學,人才國際化,辦理海外參訪或移地教學,學生全球探索研修,,,,由教師帶領學生赴外研修共教共學，與國外合作學校老師共同規劃學分課程。
教學,人才國際化,辦理海外參訪或移地教學,學生全球探索研修,,,,參訪當地企業或參與田野課程。
教學,人才國際化,辦理海外參訪或移地教學,學生全球探索研修,,,,回國後根據所學撰寫反思報告。
教學,人才國際化,交換學生,翻轉語文,,,,增加學習動機：在語言以外增添文化色彩，並可與出國交換或實習計畫結合。
教學,人才國際化,交換學生,各院英語專班全校奠定基礎,,,,鼓勵學生修習第二外語，在學期間赴外國際交流至少1學期。
教學,人才國際化,交換學生,國際名校教研合作,,,,"獎助元智大學學生赴美國交換或研讀碩士學位學程ESTEEM（Engineering, Science, Technology, and Entrepreneurship Excellence Master’s）或非營利組織管理Master’ s in Non-profit Administration。"
教學,人才國際化,交換學生,國際名校教研合作,,,,與義大利波隆納大學簽訂IDSS（Italian Design Summer School）合作交流協議。
教學,人才國際化,交換學生,國際名校教研合作,,,,每年選派10-15位表現優異同學前往義大利，參與為期三週150小時的英語授課課程。
教學,人才國際化,交換學生,國際名校教研合作,,,,擴展大學部學程參與領域，增加工業工程學系、資傳系、電機系。
教學,人才國際化,交換學生,國際名校教研合作,,,,國際學伴：元智應外系及英專班學生與香港大學學生共同執行專題計畫，進行線上遠距交流，視訊會議，視訊成果發表，以及雙方學生互訪等。
教學,人才國際化,交換學生,學生全球探索研修,,,,交換計畫：本校已與36國245校簽訂317份國際合作合約，跨美、歐、澳、亞及中國大陸等地交換管道，提供學生為期一學期或一學年之學生交換計畫。
教學,人才國際化,雙聯學位,各院英語專班全校奠定基礎,,,,5年一貫學碩士學程結合雙聯學制，可在6年內取得元智大學學碩士及國外大學碩士共計3學位。
教學,人才國際化,雙聯學位,國際名校教研合作,,,,推動元智學生修讀雙聯學位。
教學,人才國際化,雙聯學位,國際名校教研合作,,,,機械雙聯學位及飛航證照學用橋接：與澳洲南十字星大學（Southern Cross University）合作進行3+2雙聯學位。
教學,人才國際化,雙聯學位,國際雙聯學位學程,,,,積極與美國德州大學奧斯汀分校、聖母大學、AACSB國際商管認證學校及大陸雙一流大學合作推動3+2學碩士銜接學程，及碩士博士雙聯學程。
教學,人才國際化,雙聯學位,國際產業菁英專案,,,,遠東新世紀菁英人才培育專案：配合遠東紡纖越南廠建廠大量人力需求，請越南姊妹校學校推薦機械、電機、資訊、管理、化工、工管等領域優秀學生修讀2+2雙學士學程。
教學,人才國際化,推動英語授課/全英語學程,各院英語專班全校奠定基礎,,,,開設管理、工程、資訊、電通及人社等不同領域學士班英語專班。
教學,人才國際化,推動英語授課/全英語學程,國際工作坊及營隊、研討會、競賽及營隊,,,,MIT-YZU科技文化英語體驗營：與美國麻省理工學院MIT自2008年起合作辦理為期一個月的暑期科技文化英語體驗營，由MIT遴選菁英學生來本校授課。
教學,人才國際化,生源國際化（及其配套措施）,國際產業菁英專案,,,,專班學生在開學前先修中文密集訓練課程，在學期間每學期修習中文課，畢業前必須通過中文檢定。
教學,人才國際化,生源國際化（及其配套措施）,國際產業菁英專案,,,,中文檢定：越南留學生並須學習中文通過檢定。
教學,人才國際化,生源國際化（及其配套措施）,佈建友善國際學習環境,,,,從境外生權益相關法規、制式申請表單及公告開始，聘請專業翻譯人員及法律專家檢視逐年更新。
教學,人才國際化,生源國際化（及其配套措施）,佈建友善國際學習環境,,,,舉辦各單位英文網頁競賽，以網頁數及更新比例為指標，給予單位獎勵。
教學,人才國際化,生源國際化（及其配套措施）,佈建友善國際學習環境,,,,學伴計畫（Buddy Program）：招募對國際語言文化有興趣的學生，經過文化/選課/交通/住宿/生活/法規知能培訓，培訓為國際親善大使，擔任境外生學伴，並負責接待外賓。
教學,人才國際化,生源國際化（及其配套措施）,廣招境外學生擴散國際能見度,,,,以本校英語授課專班為特色，鎖定越南、印尼、馬來西亞、印度、泰國、孟加拉等國為目標地區，搭配新南向拓點招生計畫，聘請該國畢業研究生就地拓點招生。
教學,人才國際化,生源國際化（及其配套措施）,廣招境外學生擴散國際能見度,,,,積極參與各地教育展，深入各地中學宣講。
教學,人才國際化,生源國際化（及其配套措施）,廣招境外學生擴散國際能見度,,,,透過在學生及校友會社群網絡介紹元智教育。
教學,人才國際化,國際學位學程/學院,任務導向跨領域榮譽學程,,,,與國外大學及國際企業合作開設國際創新學程，共同規劃課程，安排產業實習。
教學,人才國際化,國際學位學程/學院,國際名校教研合作,,,,建立「微型」d.school，落實工程/設計跨領域人才培育，擴大產業專題的參與。
教學,人才國際化,招聘外籍老師（或邀請授課）,任務導向跨領域榮譽學程,,,,延攬國際師資方面，以講座、客座、合聘等方式邀請姊妹校教師授課，並預定每年增聘專任外籍師資1-2名。
教學,人才國際化,招聘外籍老師（或邀請授課）,國際名校教研合作,,,,"邀請普渡大學Prof. Vincent Duffy、香港科技大學的Fugee Tsung、香港大學Prof. Benjamin Yen、香港城市大學講座教授Prof. Tsui, Kwok Leung來校演講授課，討論跨校研究計畫、聯合教學課程，或擔任創新競賽評審。"
教學,提升基礎能力,強化國文能力,通識履學典創豐行,,,,鼓勵文學創作，活化校園藝文環境：舉辦「元智文學獎」文化活動。
教學,提升基礎能力,強化國文能力,強化學生溝通與表述力,,,,以大一國文為核心，調整舊有授課教材與講授方式，增加當代社哲文本、時事公民議題為教材。
教學,提升基礎能力,強化國文能力,強化學生溝通與表述力,,,,設置諮商輔導與專題討論小組。
教學,提升基礎能力,強化表達溝通能力/領導能力,成立跨領域「數位創新」虛擬學院,,,,開設多元的基礎培力課程如設計思維、敘事力表達等，並輔以「實作工作坊」。
教學,提升基礎能力,強化表達溝通能力/領導能力,強化學生溝通與表述力,,,,透過實際展演機會培養學生對敘事與議題能力之掌握。
教學,提升實作能力,推動各類競賽（實作能力）,數位教學支援,,,,舉辦創意App競賽，給予表現優秀學生鼓勵。
教學,提升實作能力,推動各類競賽（實作能力）,物聯網數位應用平台,,,,舉行相關競賽。
教學,提升實作能力,推動各類競賽（實作能力）,專業實習無縫接軌,,,,舉辦專題製作與競賽：包括實驗課程專題製作作品展暨競賽、畢業專題製作展暨競賽及跨學院之論文競賽等活動，擇優頒予獎金、獎狀。
教學,提升實作能力,推動各類競賽（實作能力）,支援系統,,,,每學年度定期舉辦工程週、學生工程論文競賽及專業實習成果展式競賽。
教學,提升實作能力,建立校外競賽鼓勵機制,數位教學支援,,,,後續可輔導參與校外競賽，進而創意創業。
教學,提升實作能力,呈現、檢核或評估實作成果,推動程式語言及數位應用課程/學程,,,,由「畢業專題」整合大學所學建構物聯網系統與創意應用。
教學,提升實作能力,呈現、檢核或評估實作成果,數位教學支援,,,,學生與提案教師合作利用畢業製作課程應用所學，開發符合教學目的之VR/AR教材或教具。
教學,提升實作能力,呈現、檢核或評估實作成果,數位教學支援,,,,辦理成果展分享並建立資料庫儲存相關專案內容與素材。
教學,提升實作能力,呈現、檢核或評估實作成果,數位創客,,,,機械設計課程：透過專題激發學生創意思考、整合課程理論、使用數位工具實際作出成品。
教學,提升實作能力,呈現、檢核或評估實作成果,創夢三部曲,,,,舉辦公開發表會。
教學,提升實作能力,呈現、檢核或評估實作成果,創夢三部曲,,,,舉辦公開發表會。
教學,提升實作能力,開設增進實務能力導向課程,數位教學支援,,,,舉辦基礎與進階的App實作講座與工作坊。
教學,提升實作能力,開設增進實務能力導向課程,數位創客,,,,數位自造課程：以實際操作機具訓練「數位製造」相關技術。
教學,提升實作能力,開設增進實務能力導向課程,數位創客,,,,機器學習課程：以自動駕駛車的研發與道路測試為實例，並運用Machine-to-Machine物聯網控制車輛。
教學,提升實作能力,開設增進實務能力導向課程,以學院為核心進行課程重整、降低必修學分、增加自由選修學分及自由轉系名額、推動議題導向實作,,,,推動議題導向實作：規劃107學年度入學學生，至少必須修習三學分的議題導向實作專題課程。
教學,提升實作能力,開設增進實務能力導向課程,微課自主跨域樂學,,,,「實作型」微型課程：開設各種實驗、實作或工作坊。
教學,提升實作能力,開設增進實務能力導向課程,通識履學典創豐行,,,,課程講座與實作等活動規劃。
教學,提升實作能力,開設增進實務能力導向課程,以產業與研究中心為核心的跨領域學程,,,,增加議題導向實作課程至相關跨領域學程。
教學,提升實作能力,聘請業師或雙師協同教學,推動程式語言及數位應用課程/學程,,,,邀請業師演講或座談。
教學,提升實作能力,聘請業師或雙師協同教學,數位教學支援,,,,本計畫將透過共時授課，由多位教師與業師帶領學生學習跨領域內容。
教學,提升實作能力,聘請業師或雙師協同教學,微課自主跨域樂學,,,,「知識型」微型課程：邀請各界學者／專家蒞校演講或舉辦分享會等。
教學,提升實作能力,聘請業師或雙師協同教學,通識履學典創豐行,,,,規劃多元講座/工作坊：邀集學界及產業界人才資源，舉辦校園講座或工作坊。
教學,提升實作能力,聘請業師或雙師協同教學,強化學生溝通與表述力,,,,課程與產業實務銜接：邀請專業人士進行演講與舉辦工作坊等活動，並搭配諮商輔導。
教學,提升實作能力,聘請業師或雙師協同教學,各院英語專班全校奠定基礎,,,,每班配置本國籍及外國籍雙導師。
教學,提升實作能力,聘請業師或雙師協同教學,田調紀錄培力,,,,與在地團隊的合作意願書簽署，建立實作在地業師資源。
教學,提升實作能力,建立/強化實習制度,通識履學典創豐行,,,,社會場域實踐學習。
教學,提升實作能力,建立/強化實習制度,過「O*PASS求職競爭力」、「職場優勢」情境評量，協助申請實習或求職學生了解其求職準備程度，並鑑別其當下的職場核心能力與企業期待差異。#弱勢學生支持系統（建立/強化弱勢生支持系統）,,,,鼓勵學生參加本校與遠東集團合作之「產學實習暨人才培訓計畫」。
教學,提升專業證照能力,專業技能檢定之輔導機制,各院英語專班全校奠定基礎,,,,輔導考取國際證照。
教學,數位化,建置開放式線上課程,強化學生溝通與表述力,,,,設置線上教學等單元課程。
教學,數位化,建置開放式線上課程,任務導向跨領域榮譽學程,,,,合作模式為國內外兩校教師，透過同步遠距授課MOOCs教學。
教學,數位化,教材雲端化,數位教學支援,,,,為輔導學生程式語言學習，本校彙整校內與線上學習資料。
教學,數位化,教材雲端化,數位教學支援,,,,規劃開發YZU App，逐年將Portal重要功能App化，支援行動學習與閱讀。
教學,數位化,教材雲端化,數位教學支援,,,,規劃在YZU App中提供適地性（Location-based）、個人化（Personalized）的訊息推播服務。
教學,數位化,教材雲端化,數位教學支援,,,,數位電子書牆：規劃建置數位電子書牆，實現電子資源展示與即時借閱、整合電子看板等功能。
教學,數位化,教材雲端化,物聯網數位應用平台,,,,課程結合開發手機專用App。
教學,數位化,數位教學創新,數位教學支援,,,,教師運用科技媒體提升教學品質與學生學習動機。
教學,資訊力,開設程式設計課程,推動程式語言及數位應用課程/學程,,,,全校學生皆必修至少四學分之程式語言課程。
教學,資訊力,開設程式設計課程,數位創客,,,,程式設計實驗課程：基礎程式設計實驗課程將以 Python為主，整合Arduino或Raspberry PI等硬體，並應用於雲端技術及物聯網中。
教學,資訊力,開設資訊學程/課程,推動程式語言及數位應用課程/學程,,,,本校將數位應用課程進行分級（基礎、中階、高階）。
教學,資訊力,開設資訊學程/課程,推動程式語言及數位應用課程/學程,,,,107學年度起入學學生將於畢業前必須修習二至三門數位相關課程並產出一件數位作品。
教學,資訊力,開設資訊學程/課程,推動程式語言及數位應用課程/學程,,,,人工智慧應用學程：本學程將人工智慧應用於五個特色主軸，分別為「智慧視覺分析」、「智慧無人載具」、「電腦輔助診斷應用」、「智慧終端晶片設計」以及「智慧電網分析」。
教學,資訊力,開設資訊學程/課程,推動程式語言及數位應用課程/學程,,,,本「物聯網」學程涵蓋物聯網系統架構中的感知層、網路層、應用層三層架構所需專業知識與技能。學生可根據興趣，由三層架構中的各類選修課程自由組合。
教學,資訊力,開設資訊學程/課程,數位教學支援,,,,開設相關的VR/AR課程。
教學,資訊力,開設資訊學程/課程,數位創客,,,,3D電玩遊戲課程：以國內較少接觸的遊戲引擎作為內容，從難易適中，並具備腳本語言開發模式的遊戲引擎著手。
教學,資訊力,開設資訊學程/課程,數位創客,,,,智慧機器人課程：以Arduino以及Raspberry Pi為基礎，帶領同學製作基本的開放原始碼機器人。
教學,資訊力,開設資訊學程/課程,物聯網數位應用平台,,,,創新科技智慧應用：於數位應用課程中將訓練學生如何透過各式感測器蒐集資料，使用與操作大數據應用服務平台。
教學,博雅教育,服務學習,深耕服務,,,,本校大學部全體學生皆須參與18小時服務學習課程與18小時服務學習活動。
教學,博雅教育,其他,通識履學典創豐行,,,,開設「環境保護與自然文學」、「教育與生活」、「社會關懷」等課程。
教學,培養自主學習能力,自主學習資源共享平台,微課自主跨域樂學,,,,規劃「名師出高徒」計畫，大學部學生取得本校教師同意擔任指導老師後，可依其參加校外創新創業、程式設計、黑客松等競賽成績（或其他可具體呈現之成果）提出申請，經教學單位審查同意後，取得自主學習「名師高徒」學分。
教學,培養自主學習能力,創新創業學程或課程,微課自主跨域樂學,,,,「議題型」自主學習：由參與學生就通識教學部公告的領域議題，或自身興趣的議題，提出計畫，經審議後由相關領域教師輔導執行自主學習計畫。
教學,培養自主學習能力,創新創業學程或課程,微課自主跨域樂學,,,,「社會實踐型」自主學習：由學生提出具有深化學習的社會實踐議題，經審議後，由相關領域教師輔導，進行實作。
教學,培養自主學習能力,創新創業學程或課程,微課自主跨域樂學,,,,鼓勵學生利用目前國內外大學開設之線上課程如EdX、Coursera並取得自主學習學分。
教學,培養自主學習能力,創新創業學程或課程,強化學生溝通與表述力,,,,設置微型自主等單元課程。
教學,培養自主學習能力,創新創業學程或課程,專業實習無縫接軌,,,,鼓勵自組同儕讀書會。
教學,培育創新創業人才,育成學生創業團隊,數位創客,,,,規劃實作與創新科技工作坊。
教學,培育創新創業人才,育成學生創業團隊,數位創客,,,,定期開設創客所需技術，包括電腦機械繪圖、電腦輔助分析、Arduino基礎習作及各種數位加工機具操作等教學。
教學,培育創新創業人才,育成學生創業團隊,成立跨領域「數位創新」虛擬學院,,,,推動以校內大數據、物聯網數位平台資料分析運用的創新課程，並開設創新創意相關的課程。
教學,培育創新創業人才,育成學生創業團隊,國際名校教研合作,,,,跨領域學程延伸至「創新產品開發」研究所學程，擴大研究生參與暑期IDSS課程。
教學,培育創新創業人才,育成學生創業團隊,培養基礎能力,,,,規劃一系列創新創業課程，包含基礎領域知識及工具課程。
教學,培育創新創業人才,育成學生創業團隊,展現實作能力,,,,藉由創客實作與天使基金、創投業合作，推動主題式的創新創業課程。
教學,培育創新創業人才,育成學生創業團隊,播撒創業意識,,,,辦理主題課程：邀請學界、業界專家到校傳授專業知識，課程內容涵蓋物聯網、AI、電子商務、新創服務與設計思考等相關主題。
教學,培育創新創業人才,育成學生創業團隊,播撒創業意識,,,,舉辦「元智創新創業菁英培訓營」：邀請經驗豐富之資深創投經理人/創業家及傑出創業校友，講述創業過程中的困難與挑戰，及創業需具備之能力與特質。
教學,培育創新創業人才,育成學生創業團隊,社會創新基地,,,,主題式課程：規劃一系列完整創業課程與系列講座，課程主題分為四大類：創業概念、創新科技、社會意識、行銷技巧。
教學,培育創新創業人才,育成學生創業團隊,社會創新基地,,,,社創課程與工作坊：透過工作坊，帶動小組討論、實作，培養學生行銷、創新、社會、創業等四大能力。
教學,培育創新創業人才,育成學生創業團隊,社會創新基地,,,,主題式課程：規劃一系列完整創業課程與系列講座，課程主題分為四大類：創業概念、創新科技、社會意識、行銷技巧。
教學,培育創新創業人才,育成學生創業團隊,社會創新基地,,,,社創課程與工作坊：透過工作坊，帶動小組討論、實作，培養學生行銷、創新、社會、創業等四大能力。
教學,培育創新創業人才,建立完整的創業輔導機制,創夢三部曲,,,,終章為「圓夢想」，邀請學生團隊將夢想化為正式版本的企劃書，將夢想具體落實。
教學,培育創新創業人才,建立完整的創業輔導機制,創夢三部曲,,,,終章為「圓夢想」，邀請學生團隊將夢想化為正式版本的企劃書，將夢想具體落實。
教學,培育創新創業人才,舉辦創業團隊競賽,成立跨領域「數位創新」虛擬學院,,,,成立「數位創新虛擬學院」，將透過邀請業師、共時授課、設計思維並導入真實問題。
教學,培育創新創業人才,舉辦創業團隊競賽,成立跨領域「數位創新」虛擬學院,,,,在三創課程中，授課老師將安排業師加入授課。
教學,培育創新創業人才,舉辦創業團隊競賽,播撒創業意識,,,,不定時舉辦創業校友與在校師生交流會。
教學,培育創新創業人才,舉辦創業團隊競賽,創夢三部曲,,,,首部曲為「尋夢想」，透過辦理3場次尋夢工作坊，邀請圓夢達人與學生對談。
教學,培育創新創業人才,舉辦創業團隊競賽,創夢三部曲,,,,首部曲為「尋夢想」，透過辦理3場次尋夢工作坊，邀請圓夢達人與學生對談。
教學,培育創新創業人才,發明展（或競賽）鼓勵機制,創夢三部曲,,,,二部曲為「說夢想」，邀請學生組隊將潛藏內心的夢想具體化，透過文字、圖像或影音檔案加以呈現並公開上網，同時將辦理全校師生公開票選「夢想王」活動。
教學,培育創新創業人才,發明展（或競賽）鼓勵機制,創夢三部曲,,,,二部曲為「說夢想」，邀請學生組隊將潛藏內心的夢想具體化，透過文字、圖像或影音檔案加以呈現並公開上網，同時將辦理全校師生公開票選「夢想王」活動。
教學,培育創新創業人才,其他創業輔導及補助,推動程式語言及數位應用課程/學程,,,,所有數位作品將登錄於數位作品資料庫並開放分享供後續創客、創業應用。
教學,培育創新創業人才,其他創業輔導及補助,數位創客,,,,各學院將依各院的發展重點，成立不同性質的創客空間。
教學,培育創新創業人才,其他創業輔導及補助,數位創客,,,,規劃中的創客工坊設備包括雷射切割、3D列印、CNC雕刻與3D掃描等。
教學,培育創新創業人才,其他創業輔導及補助,數位創客,,,,創客社群：創客社群成為本校師生交換訊息與互學共創的園地。
教學,培育創新創業人才,其他創業輔導及補助,展現實作能力,,,,規劃社會創新基地的空間，提供已經畢業之校友、創業家、創業投資者做為進行交流場域。
教學,培育創新創業人才,其他創業輔導及補助,播撒創業意識,,,,提供創新創業諮詢及輔導：包含公司設立、行銷計畫、營運計畫書撰寫、政府補助申請及外部創投資金、天使基金等各項資源諮詢。
教學,培育創新創業人才,其他創業輔導及補助,播撒創業意識,,,,參訪國內外育成中心、創業園區或創投顧問公司。
教學,培育創新創業人才,其他創業輔導及補助,創夢三部曲,,,,提供高額圓夢金的支持。
教學,培育創新創業人才,其他創業輔導及補助,社會創新基地,,,,推動師生發揮創意與規劃創業的空間。
教學,培育創新創業人才,其他創業輔導及補助,創夢三部曲,,,,提供高額圓夢金的支持。
教學,培育創新創業人才,其他創業輔導及補助,社會創新基地,,,,推動師生發揮創意與規劃創業的空間。
教學,就業力,生涯/職涯輔導,微課自主跨域樂學,,,,結合社會實務的「參訪型」微型課程。
教學,就業力,生涯/職涯輔導,通識履學典創豐行,,,,校外參訪。
教學,就業力,生涯/職涯輔導,強化學生溝通與表述力,,,,帶領學生參訪在地文化產業。
教學,就業力,生涯/職涯輔導,產學雙師就業領航,,,,舉辦企業/實務場域參訪。
教學,就業力,生涯/職涯輔導,專業實習無縫接軌,,,,共同辦理企業說明會、企業參訪等活動。
教學,就業力,生涯/職涯輔導,推動大桃園工業區產業跨業整合,,,,辦理工業區廠商人才培訓講座並帶領學生赴工業區進行職場體驗。
教學,就業力,生涯/職涯輔導,過「O*PASS求職競爭力」、「職場優勢」情境評量，協助申請實習或求職學生了解其求職準備程度，並鑑別其當下的職場核心能力與企業期待差異。#弱勢學生支持系統（建立/強化弱勢生支持系統）,,,,整合校內外資源，與院系合作辦理企業參訪、企業徵才說明會，以及校園聯合徵才就業博覽會等活動。
教學,就業力,生涯/職涯輔導,過「O*PASS求職競爭力」、「職場優勢」情境評量，協助申請實習或求職學生了解其求職準備程度，並鑑別其當下的職場核心能力與企業期待差異。#弱勢學生支持系統（建立/強化弱勢生支持系統）,,,,豐富生涯/職涯發展資源：針對學生生涯規劃與職涯發展的各面向成長議題，邀請校友、產業專家學者經驗分享。
教學,就業力,就業博覽會,產學雙師就業領航,,,,整合全校職涯輔導體系，完善e化職涯資訊服務系統與My Resume系統平台。
教學,就業力,就業博覽會,產學雙師就業領航,,,,「益勵講堂Elite Lectures─大學專業課程沒教的12堂課」，安排業界精英老師教授12堂邁入職場前之培訓課程。
教學,就業力,就業博覽會,產學雙師就業領航,,,,補助學系職涯輔導活動經費：引導學系舉辦符合學系生態與學生需求之職涯輔導活動。
教學,就業力,就業博覽會,各院英語專班全校奠定基礎,,,,從入學即協助學生訂定個人學習地圖。
教學,就業力,就業博覽會,專業實習無縫接軌,,,,開設專業實習職前培訓課程、講座，包含如履歷課程、求職技巧、模擬面試、企劃撰寫及證照取得等內容，並邀請學長姊分享實習工作內容。
教學,就業力,就業博覽會,專業實習無縫接軌,,,,管理學院開辦「職涯學習護照」必修課程。
教學,就業力,就業博覽會,結合學習歷程強化就業輔導機制,,,,大一定向輔導：讓新生認識本校生涯/職涯輔導資源，並透過「UCAN職業興趣探索」普測。
教學,就業力,就業博覽會,過「O*PASS求職競爭力」、「職場優勢」情境評量，協助申請實習或求職學生了解其求職準備程度，並鑑別其當下的職場核心能力與企業期待差異。#弱勢學生支持系統（建立/強化弱勢生支持系統）,,,,整合校內及政府與企業等校外機構之各式競賽、培訓活動、工讀、實習、替代役與正式職缺等多元職涯資源，持續豐厚「職涯資訊服務網－我飛網」平台。
教學,就業力,就業博覽會,過「O*PASS求職競爭力」、「職場優勢」情境評量，協助申請實習或求職學生了解其求職準備程度，並鑑別其當下的職場核心能力與企業期待差異。#弱勢學生支持系統（建立/強化弱勢生支持系統）,,,,提升就業軟實力：針對大三、大四學生規劃「益勵講堂－大學專業課程沒教的十二堂課 」及「國際就業培訓班」等特色主題課程，廣邀產業菁英、優秀校友擔任講師。
教學,就業力,畢業生流向調查,專業實習無縫接軌,,,,共同辦理校園徵才。
教學,就業力,雇主滿意度調查,精進校務專業管理能力,,,,持續進行應屆畢業生滿意度問卷、畢業生流向問卷等調查。
教學,就業力,充實與改善硬體設備,精進校務專業管理能力,,,,持續進行雇主滿意度問卷。
教學,其他,跨校學習資源整合與共享,數位教學支援,,,,開放教師提案並徵選有意願老師提出所需教學工具之需求。
教學,其他,跨校學習資源整合與共享,數位教學支援,,,,刷臉入館與借閱：預計導入智慧人臉辨識技術，實現刷臉入館與借閱的功能。
教學,其他,跨校學習資源整合與共享,數位教學支援,,,,AI Corner：定期專題活動與主題展覽，並輔以服務型機器人（如Pepper）的導入，提供人機互動模式體驗、互動內容建置與機器學習開發。
教學,其他,跨校學習資源整合與共享,物聯網數位應用平台,,,,建置物聯網感測器佈建場所：開放電機通訊學院部分實驗室及空間。
教學,其他,跨校學習資源整合與共享,促進軟體硬體資源共享,,,,新增Rapid ILL國際快速文獻傳遞服務。
教學,其他,制訂限期升等相關規範,推動程式語言及數位應用課程/學程,,,,為了讓學生可利用課餘時間設計開發各式創意應用，每生將於學期初領取一套物聯網開發套件，並提供固定額度的材料費。
教學,其他,制訂限期升等相關規範,數位教學支援,,,,啟動程式語言夜間駐點服務，藉由夜間電腦教室開放，輔以不同程式語言的助教駐點輔導。
教學,其他,制訂限期升等相關規範,數位教學支援,,,,透過核心能力導向雷達圖，協助學生反思本身各核心能力，調整修課與學習模式，並自律（Self-Regulated）學習，提供學生修課建議。
教學,其他,制訂限期升等相關規範,數位教學支援,,,,由自主學習診斷系統亦能協助導師辨識高風險學生，及早導入輔導系統。
教學,其他,制訂限期升等相關規範,以學院為核心進行課程重整、降低必修學分、增加自由選修學分及自由轉系名額、推動議題導向實作,,,,規劃逐年提升接受轉系名額，並以20%為達成目標，於各個學院成立適性的轉系輔導機制。
教學,其他,制訂限期升等相關規範,國際認證教學品保,,,,對於學習弱勢的同學，於期中考診斷列出預警對象，並輔以導師關懷訪談、課後補強、學習工作坊、學習中心自學資源等。
研究,提升研究能量,與國內其他研究單位合作,國際名校教研合作,,,,成立老人福祉科技研究中心，帶領學生跨領域研發製作智慧科技老人照護產品。
研究,提升研究能量,設置研發創新獎項,促進軟體硬體資源共享,,,,技術服務合作：與台大嚴慶齡工業研究中心簽署技術服務整合平台管理合約，並由該中心協助提供資源整合系統平台。
研究,學術國際化,跨國合作研究,國際名校教研合作,,,,與美國聖母大學合作，兩校教師組成跨領域創新社會企業責任教研委員會，每半年舉行一次遠距研討會。
研究,學術國際化,跨國合作研究,國際名校教研合作,,,,元智大學與日本名城大學舉行每年輪流主辦台日雙邊碳材/電漿工作坊。
研究,學術國際化,跨國合作研究,智慧製造,,,,與香港城市大學的Centre for System Informatics Engineering （CSIE）進行國際合作，CSIE目前正進行類似的健康照護研究計畫。
研究,學術國際化,成立跨國合作研究中心,國際名校教研合作,,,,為元智學生舉辦暑期跨校研究計畫。
研究,學術國際化,成立跨國合作研究中心,國際名校教研合作,,,,合作研究：元智應外系、人社院英專班與香港大學教師，規劃執行五年跨國合作研究計畫。
研究,學術國際化,成立跨國合作研究中心,國際名校教研合作,,,,兩校師生互訪、根據產業需求與未來趨勢進行跨校研究計畫。
研究,學術國際化,成立跨國合作研究中心,廣招境外學生擴散國際能見度,,,,增加研究所雙聯合作充實研發能量。
研究,學術國際化,成立跨國合作研究中心,生技醫療,,,,未來團隊成員將持續前往美國、歐洲、香港、新加坡等地進行短期參訪與學術交流，爭取更多國際合作案。
研究,學術國際化,強化師生國際交流,國際名校教研合作,,,,"規劃自2018年暑期起每年遴選10名教師助教前往聖母大學參加為期2周的iTeam（International, Technology, Entrepreneurship, Academics and Marketing Program）。"
研究,學術國際化,強化師生國際交流,國際名校教研合作,,,,派遣年輕教師前往合作學校進行一學期或一學年的深度研習。
研究,學術國際化,強化師生國際交流,教師國際化教研培力,,,,送教師出國研習、發表論文。
研究,學術國際化,招募國外博士後研究人才,國際名校教研合作,,,,鼓勵聖母大學學生來元智參與暑期研究計畫。
研究,學術國際化,招募國外博士後研究人才,國際名校教研合作,,,,與IDSS各校辦理跨國學程成果發表會或教學研討會。
研究,學術國際化,招募國外博士後研究人才,國際工作坊及營隊、研討會、競賽及營隊,,,,每年8月辦理為期一週的ASIAGRAPH Reallusion Award國際競賽決賽及國際研討會。
研究,學術國際化,招募國外博士後研究人才,國際工作坊及營隊、研討會、競賽及營隊,,,,在金融領域將舉辦國際金融科技發展與監理研討會。
研究,其他,培育研究型人才,專業實習無縫接軌,,,,提供專業實習專屬研討室。
研究,其他,培育研究型人才,貴重儀器共同使用服務,,,,透過整合性計畫申請補助進而與科技部貴儀管理系統接軌，以提供本校貴重儀器于校外學術單位使用。
研究,其他,培育研究型人才,促進軟體硬體資源共享,,,,貴重儀器共同使用服務：持續爭取科技部自有貴重儀器共同使用服務計畫，提供「X射線光電子能譜儀（XPS）」服務，讓校外研究人員有效使用貴儀資源。
產學,產學合作教學,依產業需求研訂課程/學程規劃,以產業與研究中心為核心的跨領域學程,,,,成立與5+2產業相關的跨領域學程。
產學,產學合作教學,依產業需求研訂課程/學程規劃,以產業與研究中心為核心的跨領域學程,,,,中心將利用Cisco 的數位網路學院（Digital Network Academy，DNA）的網路課程、程式語言與大數據線上課程，支援產業人才培訓的短期密集訓練課程，包含「產業應用專題演講」與「實作訓練課程」。
產學,產學合作教學,依產業需求研訂課程/學程規劃,以產業與研究中心為核心的跨領域學程,,,,此中心開設的產業IoT、AI與工業4.0人才培訓課程，將會與本校的跨領域學程結合。
產學,產學合作教學,依產業需求研訂課程/學程規劃,國際產業菁英專案,,,,由元智依產業需求培育精密鑄造、表面處理、流程改善、設施規劃等專業研發人才。預計5年培養15名復盛菁英專班碩士班學生，也發展出15個國際產學合作計畫。
產學,產學合作教學,依產業需求研訂課程/學程規劃,國際工作坊及營隊、研討會、競賽及營隊,,,,舉辦GMAT Program（Global Mobility Advanced Training）國際就業人才培訓專班。
產學,產學合作教學,提升教師產業實務能力,專業實習無縫接軌,,,,規劃任務導向課程：依據實習成效檢討及業界趨勢，規劃具有特色的學用學程。
產學,產學合作教學,產業實務講座,通識履學典創豐行,,,,與地方特色產業及桃園市政府簽定合作意願書，致力於推廣課程與地方產業結合。
產學,產學合作教學,建立/健全實習制度,產學雙師就業領航,,,,產業專題講座：實施「產業專題講座演講費補助」專案，鼓勵各系所舉辦各類型產業專題講座。
產學,產學合作教學,聘請業師或雙師協同教學,以產業與研究中心為核心的跨領域學程,,,,邀請專家演講、業界出題、業師授課。
產學,產學合作教學,聘請業師或雙師協同教學,產學雙師就業領航,,,,邀請的業師可分為國際視野、人文關懷、企業經營以及學習楷模等四種類型。
產學,產學合作教學,聘請業師或雙師協同教學,產學雙師就業領航,,,,由產學雙師與學生組成跨域實作工作坊。
產學,產學合作教學,聘請業師或雙師協同教學,國際產業菁英專案,,,,產業專題：以解決產業問題為論文課題，由元智教授與公司業師共同指導。
產學,產學合作教學,聘請業師或雙師協同教學,國際工作坊及營隊、研討會、競賽及營隊,,,,邀請國際企業經營管理經驗豐富人士擔任指導顧問。
產學,建立/完善實習制度,檢驗/評估實習成果,以產業與研究中心為核心的跨領域學程,,,,本校的跨領域學程將密切與產業、研究中心及大型研究計畫合作，提供學生赴業界實習、參與專案計畫。
產學,建立/完善實習制度,檢驗/評估實習成果,專業實習無縫接軌,,,,以P-D-C-A流程，從規劃申請、輔導溝通、成效評估及長期合作等方面建立制度。
產學,建立/完善實習制度,檢驗/評估實習成果,國際產業菁英專案,,,,於寒暑假安排專班學生前往企業實習，由業師專人指導，修習企業文化等課程。
產學,建立/完善實習制度,檢驗/評估實習成果,董事會支持及資源挹注,,,,董事會亦積極促成關係企業提供本校學生儲備人才培訓（畢業即就業）及暑期實習機會。
產學,建立/完善實習制度,建立/強化企業實習平台,專業實習無縫接軌,,,,透過業界對實習學生人才培訓之回饋意見，調整課程規劃與設計。
產學,建立/完善實習制度,建立/強化企業實習平台,專業實習無縫接軌,,,,加強督導學生實習成效。
產學,建立/完善實習制度,拓展海外實習機會,專業實習無縫接軌,,,,深耕專業實習廠商：積極促進與遠東集團、國內外企業之夥伴關係，爭取持續提供實習需求，結合本校職涯資訊服務網，加強大桃園地區觀音、中壢及平鎮工業區產學連結，持續開拓新廠商或知名企業提供實習機會。
產學,建立/完善實習制度,與企業合作設立研究中心,專業實習無縫接軌,,,,積極爭取海外實習合作計畫。
產學,建立/完善實習制度,與企業合作設立研究中心,專業實習無縫接軌,,,,完整實習且表現優良同學，可獲海外實習獎助學金補助。
產學,建立/完善實習制度,與企業合作設立研究中心,各院英語專班全校奠定基礎,,,,舉辦國際實習及GMAT國際就業培訓班。
產學,建立/完善實習制度,與企業合作設立研究中心,國際名校教研合作,,,,為元智學生舉辦國外企業實習活動。
產學,建立/完善實習制度,與企業合作設立研究中心,學生全球探索研修,,,,與泰國台商總會、馬來西亞台商總會合作，簽署長期合作意向書。
產學,建立/完善實習制度,與企業合作設立研究中心,學生全球探索研修,,,,以遠東集團在大陸工廠公司之布局，提供實習機會。
產學,建立/完善實習制度,與企業合作設立研究中心,學生全球探索研修,,,,擬透過專業組織，包括美國CIEE、西班牙EUROACE及國際商管學會AIESEC，開拓更多實習機會。
產學,產學合作研究,產學研究獎勵制度,地區醫院學術合作,,,,透過先期研發專題計畫之運作模式，促進本校與地區醫院相關領域之學術合作，運用先導學術研究經費之挹注，朝向專題研究計畫提案、及研究成果發表之成效邁進。
產學,產學合作研究,產學研究獎勵制度,生技醫療,,,,與衛福部台北醫院、桃園醫院、林口長庚醫院、亞東醫院、新竹馬偕醫院、中央研究院、財團法人生物技術開發中心和生物科技公司進行產官學研合作。
產學,產學合作研究,產學研究獎勵制度,"蜂巢式萬物聯網（Cellular Internet of Everything, CIoE）",,,,與會員共同研發最新CIoE技術及產品。
產學,產學合作研究,成立產學合作研究園區,制度法規鬆綁,,,,修訂教師研究績效獎勵辦法提高專利獎勵金與技術移轉金回饋教師比例，鼓勵教師組成團隊爭取產學計畫。
產學,產學合作研究,成立產學合作研究園區,制度法規鬆綁,,,,訂定校內產學合作績優人員獎勵機制之實施辦法，據以獎勵表現績優之人員。
產學,強化產學連結（不分教學研究）,整合跨校區域產學資源,區域特色產業交流,,,,定期邀請地方產業代表進行交流及座談，藉由成果發表會、廠商聯誼會及產學媒合會等機制，強化與產業之鏈結，增進產學合作機會。承接產學計畫以製造業為主，其他產業包括零售業，傳播，電信，綠能，生醫以及文教。
產學,強化產學連結（不分教學研究）,整合跨校區域產學資源,"蜂巢式萬物聯網（Cellular Internet of Everything, CIoE）",,,,WiCMA將定期對業界舉辦研討會及成果展，故可推廣「蜂巢式萬物聯網」團隊之CIoE研發成果及各種SDR實測平台。
產學,強化產學連結（不分教學研究）,整合跨校區域產學資源,推動大桃園工業區產業跨業整合,,,,工業區廠商需求訪視，並提供專業顧問、企業診斷服務與技術輔導。
產學,強化產學連結（不分教學研究）,成立/強化產學運籌中心,專業實習無縫接軌,,,,與友好實習機構積極洽談產學合作計畫。
產學,強化產學連結（不分教學研究）,成立/強化產學運籌中心,專業實習無縫接軌,,,,提供企業研發創新、數據分析及人才培育等輔導及服務。
產學,強化產學連結（不分教學研究）,成立/強化產學運籌中心,產學合作聯盟建立,,,,教師與在地產業連結，以聯盟方式承接產學計畫，積極與鄰近地區產業合作，並利用區域性優勢，構建一個以技術為核心產業聚落。
產學,強化產學連結（不分教學研究）,成立/強化產學運籌中心,產學合作聯盟建立,,,,大數據中心分別與製造業、運輸業、醫療業與生技業、零售業等產業合作，建立大數據產業鍵結創新應用。
產學,強化產學連結（不分教學研究）,成立/強化產學運籌中心,元智智庫駐點服務,,,,成立「元智智庫」並提供產業「駐點諮詢」服務，駐點教授將分享相關產業新知與經營情報資訊。
產學,強化產學連結（不分教學研究）,成立/強化產學運籌中心,元智智庫駐點服務,,,,企業若需進階服務，可透過駐點諮詢或本校遠東R&D中心媒合，雙方以「產學合作」模式進行，利用技術移轉與專利授權等方法，提升產業技術與產品效能。
產學,強化產學連結（不分教學研究）,成立/強化產學運籌中心,智慧製造,,,,針對各種不同產業，提供物聯網感測器與數據蒐集硬體架構之架設、運作與維護的相關經驗，以及數據檔案的後製、儲存、管理等軟體系統操作的協助。
產學,強化產學連結（不分教學研究）,成立/強化產學運籌中心,智慧製造,,,,未來可提供學界與產業界AI cloud server 的架設，運作與維護相關經驗與諮詢。
產學,強化產學連結（不分教學研究）,成立/強化產學運籌中心,推動大桃園工業區產業跨業整合,,,,檢測及專利技術平台分享。
產學,強化產學連結（不分教學研究）,成立/強化產學運籌中心,推動大桃園工業區產業跨業整合,,,,協助工業區傳統產業廠商升級轉型之支援服務。
產學,強化產學連結（不分教學研究）,成立/強化產學運籌中心,推動大桃園工業區產業跨業整合,,,,協助工業區廠商申請政府研發補助資源及產學計畫研提。
產學,強化產學連結（不分教學研究）,成立/強化產學運籌中心,推動大桃園工業區產業跨業整合,,,,推動工業區跨廠商合作案。
產學,強化產學連結（不分教學研究）,成立/強化產學運籌中心,數位創客,,,,學生的學習成果也逐漸應用於與廠商合作之老人福祉科技產品開發中。
產學,強化產學連結（不分教學研究）,成立/強化產學運籌中心,成立跨領域「數位創新」虛擬學院,,,,邀請業師規劃議題導向實作專題，協助企業提升產品研發技術及降低成本以增加學生及企業競爭能力。
產學,強化產學連結（不分教學研究）,成立/強化產學運籌中心,董事會支持及資源挹注,,,,關係企業法制單位隨時為學校提供專業諮詢服務。
產學,強化產學連結（不分教學研究）,成立/強化產學運籌中心,董事會支持及資源挹注,,,,為促進產學橋接，董事會復協助本校推動元智智庫計畫。
產學,落實研發成果,吸引創投基金,成立跨領域「數位創新」虛擬學院,,,,結合外部資源（例如遠東相關企業/桃園在地公司與社會企業）等成立專案小組，並與業師共同在創意研究中心（Idea Lab）討論。
產學,落實研發成果,吸引創投基金,成立跨領域「數位創新」虛擬學院,,,,透過數位創新虛擬學院中的合作對象，落實「創新創業加速器」的專案實施。
產學,落實研發成果,吸引創投基金,播撒創業意識,,,,以創新育成中心培育在校師生的創新創業。
產學,落實研發成果,吸引創投基金,播撒創業意識,,,,以創新創業加速器中心連結「亞洲．矽谷」、中國，東南亞的創業資源與市場。
產學,落實研發成果,吸引創投基金,社會創新基地,,,,一旦有創業的雛形與半成品，即轉移到育成中心，進一步輔導創業，包括籌募創業資金、人員召募與訓練、廣告行銷等。
產學,落實研發成果,吸引創投基金,社會創新基地,,,,一旦有創業的雛形與半成品，即轉移到育成中心，進一步輔導創業，包括籌募創業資金、人員召募與訓練、廣告行銷等。
產學,落實研發成果,促進智財應用/技轉,播撒創業意識,,,,以規劃中的產學營運中心將扮演產學合作產業深耕的推手。
產學,落實研發成果,扶植RSC新創事業,推動大桃園工業區產業跨業整合,,,,共同產學合作計畫及技術移轉服務。
產學,落實研發成果,開設職業倫理課程/講座,國際名校教研合作,,,,成立「世大福智科技股份有限公司」，開始製造銷售研發產品。
產學,落實研發成果,開設職業倫理課程/講座,播撒創業意識,,,,將完備「衍生新創企業實施辦法」、「持有技術股份作業要點」、「借調服務辦法」等相關法規。
產學,落實研發成果,開設職業倫理課程/講座,播撒創業意識,,,,未來朝合資新創公司的方向將研究成果加值轉化為商品，帶領學生/研究生與產業界結合。
產學,其他,執行政策評估研究,以產業與研究中心為核心的跨領域學程,,,,與元智大學老人福祉科技研究中心合作開發出「天才巧拼WhizCARPET」以「巧拼」形式活動感知地墊。
產學,其他,執行政策評估研究,以產業與研究中心為核心的跨領域學程,,,,和寢具廠商合作開發「天才床墊WhizPAD」以感知臥床活動及睡眠品質。
產學,其他,執行政策評估研究,智慧生活,,,,「智慧交通」在未來五年規劃將聚焦於人工智慧（AI）在智慧交通的應用。
產學,其他,執行政策評估研究,智慧生活,,,,「智慧商務」於第一年至第二年建立基礎製造大數據分析平台，並針對廠內設備智能化與感測分析發展機器學習模式。
產學,其他,執行政策評估研究,智慧生活,,,,聚焦於發展自然語言處理、維度型情感分析、口碑分析、機器/深度學習等核心技術。
產學,其他,執行政策評估研究,智慧生活,,,,「新創服務」以研發多媒體與互動核心技術，結合生活應用，建置受歡迎具商業價值之新創服務，未來透過核心技術研發與創意系統建構，可培養高階軟體資訊人才與提升產業競爭力。
產學,其他,執行政策評估研究,智慧生活,,,,「智慧學習」將以目前的研究與系統為基礎，研發智慧學習相關之知識導向與資料導向兩項人工智慧技術，建置智慧學習系統。
產學,其他,執行政策評估研究,健康照護,,,,智慧科技輔助照護：以物聯網為核心技術建置智慧照護平台。
產學,其他,執行政策評估研究,健康照護,,,,智慧科技輔助進行老人跌倒的評估與改善：針對目前跌倒風險預測模型暨振動鞋墊之不足處，開發一創新跌倒風險預測系統暨振動鞋墊各種最佳參數，預期改善目前之跌倒風險預測系統之準確性暨幫助高年齡者增加其平衡感。
產學,其他,執行政策評估研究,智慧製造,,,,與泓格科技合作，建構物聯網數據蒐集系統。
產學,其他,執行政策評估研究,智慧製造,,,,與Cisco合作建構桃園地區第一個智慧雲端系統（AI cloud server）。
產學,其他,執行政策評估研究,智慧製造,,,,進行各類型的智慧預測人工智慧模型的架構與參數調整。
產學,其他,執行政策評估研究,"蜂巢式萬物聯網（Cellular Internet of Everything, CIoE）",,,,通訊研究中心（CRC）前3年將先實現3GPP最新之LTE R13窄頻物聯網（NB-IoT）規格，掌握其實體/控制/網路等層之實測技術並申請專利。
產學,其他,執行政策評估研究,"蜂巢式萬物聯網（Cellular Internet of Everything, CIoE）",,,,利用輕薄短小之軟體無線電（SDR）設備與國外Eurecomm開放空中介面（OAI）軟體，及連結資策會、遠傳、正文等業界資源，共同在本校建構一NB-IoT蜂巢物聯網實測平台。
產學,其他,執行政策評估研究,"蜂巢式萬物聯網（Cellular Internet of Everything, CIoE）",,,,第五代行動通訊CIoE – mMTC & URLLC：在未來兩年中繼續深耕5G之mMTC/URLLC CIoT實測技術，特別是建構智慧交通系統所需的mMTC/URLLC車聯網實測平台。
社會責任,與地方（或中央）政府連結,參與了解NPO社會需求,智慧生活,,,,透過大數據的非結構資料，蒐集殘障聯盟、老人福利聯盟、弘道老人福利基金會、老五老基金會等與高齡關懷與照顧相關的粉絲專頁，找出潛在需求因素與關懷核心項目，提供政府相關部門在擬定政策議程之建議。
社會責任,與地方（或中央）政府連結,強化學生參與NPO,智慧生活,,,,「開放資料」在未來將持續與桃市府及公部門協同合作，以建立政策與議題導向之開放資料生態圈。
社會責任,與地方（或中央）政府連結,強化學生參與NPO,智慧生活,,,,與衛生福利部、地方政府社會局、高齡照顧非營利組織合作，推動符合新世代高齡需求的服務與友善關懷，建構高齡關懷之大數據決策平台。
社會責任,與非營利組織（NPO）連結,區域學習資源共享,世紀領袖,,,,元智國際志工與非營利組織簽屬合作備忘錄（MOU），也和國際志工組織建立良好夥伴關係。
社會責任,與非營利組織（NPO）連結,區域學習資源共享,基隆太平國小合作模式,,,,東京浦田地方創生單位預計於2018年徒步參訪太平社區，成為NGO組織日本和平船第1次的基隆在地行程，且有機會成為往後和平船每年4次台灣訪問的固定行程。
社會責任,與非營利組織（NPO）連結,區域學習資源共享,通識履學典創豐行,,,,與公益性社團如臺灣生態工法基金會、臺灣玩具圖書館協會、天使心家族社會福利基金會、臺灣風信子精神障礙者權益促進協會合作，帶領同學組成八煙聚落農村服務隊、偏鄉學童服務隊，進行實地耕作與玩具圖書館建置。
社會責任,支援在地教育機構,建置區域教學資源中心,T-Ada青少年資訊提升計畫,,,,專為國、中小學生規劃客製化設計數位概念課程。
社會責任,支援在地教育機構,建置區域教學資源中心,T-Ada教師資訊育成計畫,,,,與教育局合作，共同執行資訊種子教師培育計畫，採取研習認證制度。
社會責任,支援在地教育機構,建置區域教學資源中心,T-Ada教師資訊育成計畫,,,,建立資訊教師跨域平台，提供國中小教師完整教學資源與相關訓練，並且採用最新科技教材與軟體，提供教師多元發展之進修機會。
社會責任,支援在地教育機構,建置區域教學資源中心,在地連結,,,,藉由課程輔助學校發展亮點，以桃園成功國小為例，在六下導入輪軸車的校本學習完整了程式教育。
社會責任,支援在地教育機構,建置區域教學資源中心,具體行動,,,,第一階段：建構機器人創客基地，作為訓練與培養種子教師場地，教材開發與創新應用實作基地。
社會責任,支援在地教育機構,建置區域教學資源中心,具體行動,,,,第二階段：辦理師資培訓，以國高中與小學老師為主要授課對象，輔導學校培育相關種子教師。
社會責任,支援在地教育機構,建置區域教學資源中心,具體行動,,,,第三階段：中小學推廣教育，以機器人為教學平台，培養學生動手實作能力與團隊合作精神。
社會責任,支援在地教育機構,建置區域教學資源中心,具體行動,,,,第四階段：舉辦機器人創意競賽。
社會責任,支援在地教育機構,建置區域教學資源中心,支援系統,,,,讓元智學生走入國高中小校園，配合12年國教新課綱設計課程教案，以將全縣有需求的中小學皆導入相關計畫為目標。
社會責任,支援在地教育機構,建置區域教學資源中心,文化導覽培力,,,,在地社區關懷：深入龍岡＊竹霄區域，為在地文化邊陲學童、原住民族學童、滇緬穆斯林學童帶來多元智能教育、導覽技能等各種面向的關懷。
社會責任,支援在地教育機構,參與了解地區（社區）需求,文化導覽培力,,,,培力學生協助帶領永豐高中的在地必修課程，進行在地導覽。
社會責任,支援在地教育機構,參與了解地區（社區）需求,翻轉語文,,,,參與高中端語文營隊工作。
社會責任,支援在地教育機構,開設在地相關課程,促進軟體硬體資源共享,,,,全國性及區域性館藏合作協議，提供教職員生使用他校資源，以及對他校提供對等資源交流服務。
社會責任,支援在地教育機構,開設在地相關課程,促進軟體硬體資源共享,,,,開放校園運動休閒環境及圖書館等資源予校外人士申請使用。
社會責任,促進地區（社區）發展,推廣/育成社會企業,田調紀錄培力,,,,竹霄協會將協助安排分組學生，對地方耆老等進行田調訪查。
社會責任,促進地區（社區）發展,籌設藝文/活動中心,千塘服務站成員接受社區實踐教育訓練課程,,,,基礎教育訓練：為毫無社區實踐經驗的「社區關懷服務員」所提供如社區營造技巧、千塘文化介紹、社區調查方法、永續發展議題、社區提案與簡報技巧等課程。
社會責任,促進地區（社區）發展,籌設藝文/活動中心,千塘服務站成員接受社區實踐教育訓練課程,,,,尋找願意接受第二階段專業培訓之學員，並經社區實踐歷練者，經考核合格者可授與「社區關懷大使」或「社區營造工程師」證照。
社會責任,促進地區（社區）發展,籌設藝文/活動中心,千塘服務站成員接受社區實踐教育訓練課程,,,,以互動討論、參觀訪問、實地考察或創作實習為主，邀請社區組織、里長、地方公益團體、社區大學等意見領袖擔任講師，進行實務交流與經驗分享。
社會責任,促進地區（社區）發展,籌設藝文/活動中心,文化導覽培力,,,,透過導覽專業知識培育、導覽實作能力培訓課程、現地帶領導覽實作，培育學生擁有在地的專業導覽知識與實作能力。
社會責任,促進地區（社區）發展,籌設藝文/活動中心,文化導覽培力,,,,透過導覽動畫實作與擴增實境導覽工作坊，培育學生擁有以新媒體、新科技拓展導覽的能力。
社會責任,促進地區（社區）發展,籌設藝文/活動中心,文化導覽培力,,,,開設在地文化通識課程、在地文化微型課程。
社會責任,促進地區（社區）發展,籌設藝文/活動中心,文化導覽培力,,,,開設文化導覽培力工作坊，以「課程+講座+參訪+實作」連結進行。
社會責任,促進地區（社區）發展,籌設藝文/活動中心,文化導覽培力,,,,在地文化自主學習，延請在地業師，帶領學生完成在地文化項目的報告，作品將擇優出版。
社會責任,促進地區（社區）發展,籌設藝文/活動中心,綠社食育培力,,,,食育特色課程：以基礎核心課程（在地食農田調）、跨領域整合課程（食農論壇沙龍、食農微課程）、進階特色課程（在地食農行動研究專題課程、在地食農社會創新創業提案競賽）三個階段，有系統地發展元智食育特色課程。
社會責任,促進地區（社區）發展,籌設藝文/活動中心,田調紀錄培力,,,,開設田調培力工作坊。
社會責任,促進地區（社區）發展,籌設藝文/活動中心,田調紀錄培力,,,,數位影音專題報導工作坊。
社會責任,促進地區（社區）發展,服務特定群體,促進軟體硬體資源共享,,,,環境檢測分析及諮詢服務：環境科技研究中心為環保署認證之環境檢測機構實驗室，長期提供企業技術諮詢、分析檢驗方法、相關環保問題解決方案及廢棄物資源回收製程改善建議。
社會責任,促進地區（社區）發展,服務特定群體,促進軟體硬體資源共享,,,,透過各類藝術活動，讓全校師生及社區民眾從活動中潛移默化地了解藝術文化。
社會責任,促進地區（社區）發展,服務特定群體,促進軟體硬體資源共享,,,,每年設計不同主題的元智社區藝術節。
社會責任,促進地區（社區）發展,服務特定群體,T-Lab城市實驗室,,,,廣邀在地大專青年組隊參與T-Lab城市實驗室跨區競賽，針對桃園地區的環境保育、有機食農、國際移工、臺灣新住民、弱勢族群、人文創新等六大面向，鼓勵學生探索最新議題。
社會責任,促進地區（社區）發展,服務特定群體,成立推動組織–桃園千塘社區學苑,,,,人社學院整合校內外資源，成立「桃園千塘社區學苑」，推動《共築千塘社區好家園USR試辦計畫》，結盟在地社區組織與公益團體、基金會、社區大學、鄰近大專院校、遠東集團的亞東醫院與亞東技術學院等。
社會責任,促進地區（社區）發展,服務特定群體,組成桃園千塘服務顧問委員會,,,,為研議本學苑各項行動方案，擬聘請地方意見領袖與專家學者擔任千塘服務站顧問若干名。
社會責任,促進地區（社區）發展,服務特定群體,簽訂策略夥伴協議書,,,,簽訂策略夥伴合作協議書，每年至少一次進行策略聯盟合作協議書的檢討與修正。
社會責任,促進地區（社區）發展,服務特定群體,成果展示,,,,擬舉行成果發表會，展示及檢討「社區美好家園希望工程—桃園千塘服務站」計畫試辦成果。
社會責任,促進地區（社區）發展,服務特定群體,成果展示,,,,鼓勵「文化產業與文化政策博士學位學程」博士生參與提案計畫之執行觀察，並撰寫社區實踐報告，於期末成果展示時發表，並擬編印成書，以供未來有意從事社區實踐者參考。
社會責任,促進地區（社區）發展,服務特定群體,成果展示,,,,千塘社區學苑網站建置：建置「千塘社區學苑網」（www.1000TANG.com.tw）專屬網站，展示本計畫之規劃、執行過程與成果。
社會責任,促進地區（社區）發展,服務特定群體,成果展示,,,,問卷調查評估：計畫執行結束後進行問卷調查，分析學生對社區實踐課程之滿意度與回饋意見、社區民眾對社區實踐計畫介入社區活動的滿意度與回饋意見、學生在地認同感之調查等。
社會責任,促進地區（社區）發展,服務特定群體,綠社食育培力,,,,初期將以校內師生與社區居民為對象，推動小規模的校內農創博覽會與社區食農文化節。
社會責任,促進地區（社區）發展,服務特定群體,綠社食育培力,,,,中期預計於文化廊道沿線，搭配特定活動規劃推動桃園農創市集。
社會責任,促進地區（社區）發展,服務特定群體,綠社食育培力,,,,長期希望能建立社區定點的綠色農產直賣所。
社會責任,促進地區（社區）發展,服務特定群體,綠社食育培力,,,,綠色產業平台：建置發展「雲端在地綠色產業知識資料庫」。
社會責任,促進地區（社區）發展,服務特定群體,田調紀錄培力,,,,建置在地知識資料庫。
社會責任,促進地區（社區）發展,服務特定群體,田調紀錄培力,,,,由I SEE TV協助，在地紀實攝影，建立在地影像資料庫。
社會責任,促進地區（社區）發展,服務特定群體,田調紀錄培力,,,,公民新聞專題報導、紀錄片教育與推廣。
社會責任,促進地區（社區）發展,服務特定群體,田調紀錄培力,,,,田野訪查現地實作。
社會責任,促進地區（社區）發展,服務特定群體,田調紀錄培力,,,,建置資料平台內容。
社會責任,促進地區（社區）發展,服務特定群體,中壢內壢里合作模式,,,,延伸「共食計畫」研究，成為每年5-10次的慶典式活動。
社會責任,促進地區（社區）發展,服務特定群體,中壢內壢里合作模式,,,,計劃發行每月出刊的社區報（紙本與數位），做為里民生活活動娛樂休閒的情報交換載體。
社會責任,促進地區（社區）發展,服務特定群體,大溪仁義里合作模式,,,,與社區居民合作，實質檢討並改善社區生活空間環境。
社會責任,促進地區（社區）發展,服務特定群體,大溪仁義里合作模式,,,,每學期各兩次以上的工作坊和共餐活動/歌唱比賽。
社會責任,促進地區（社區）發展,服務特定群體,台東池上社區合作模式,,,,規劃「池上穀倉藝術中心」的策展。
社會責任,促進地區（社區）發展,服務特定群體,推動程式語言及數位應用課程/學程,,,,透過結合周遭社區，將埤塘水圳與社區有效連結，並建置桃園埤塘生態與文化創意價值資料庫。
社會責任,促進地區（社區）發展,服務特定群體,通識履學典創豐行,,,,對桃園在地水圳、飲食、宗教、古蹟、族群、閱讀等文化產業的介紹與發揚。
社會責任,促進地區（社區）發展,服務特定群體,智慧製造,,,,以目前執行的製程智能生產計畫為基礎，協助桃園地區的工業區內的製造業建立智慧工廠，利用生產線蒐集的數據進行智能化機台維修預測等。
社會責任,促進地區（社區）發展,服務特定群體,智慧製造,,,,與桃園周邊相關農業與物流等業者合作，將中心的iOT數據蒐集與智能分析技術應用在這些產業。
社會責任,促進地區（社區）發展,發展/優化在地服務模式,中壢內壢里合作模式,,,,將調整黃色小屋一樓的角色和功能，經營非營利性的「內壢咖啡廳」。
社會責任,提供在地服務,參與在地文化、藝術工程計畫,T-Ada青少年資訊提升計畫,,,,由本校跨領域學群招募及培訓元智資訊志工團隊，深入偏鄉和鄰近學校，服務弱勢學生，帶領孩子學會運用電腦資訊撰寫程式。
社會責任,提供在地服務,參與在地文化、藝術工程計畫,深耕服務,,,,透過深耕服務計畫，以課後輔導、寒暑假營隊、社區服務等形式為地方服務。
社會責任,提供在地服務,參與在地文化、藝術工程計畫,學生進入千塘社區的服務方式—進駐「千塘服務站」,,,,成員徵選：徵選願意加入千塘社區服務的學生，參與成員可選擇自己熟悉的科系專業從事多元的社區服務。
社會責任,提供在地服務,參與在地文化、藝術工程計畫,學生進入千塘社區的服務方式—進駐「千塘服務站」,,,,「關懷服務員」由無任何社區營造或服務經驗者擔任，可3-5人以「分組」方式進入社區服務。
社會責任,提供在地服務,參與在地文化、藝術工程計畫,學生進入千塘社區的服務方式—進駐「千塘服務站」,,,,「儲備站長」由有經驗者（曾經與非營利部門、政府或社區機構之實習成績優良者、曾取得本院社區企劃師證照者、博碩士生經考核准者等）選擇擔任。儲備站長經考核合格者可擔任站長。
社會責任,提供在地服務,參與在地文化、藝術工程計畫,學生進入千塘社區的服務方式—進駐「千塘服務站」,,,,鼓勵學生自由選擇議題進入社區服務，亦可諮詢本院簽訂的策略夥伴，在其協助與或指導下進入社區服務。
社會責任,提供在地服務,參與在地文化、藝術工程計畫,學生進入千塘社區的服務方式—進駐「千塘服務站」,,,,參與學員經由組長及本院教師考核合格後，將頒發千塘服務站關懷服務員、儲備站長或站長之證書。
社會責任,拓展國際社會服務,組織重構,T-Ada領袖數位資訊跨國服務,,,,由本校世紀領袖團隊與國內電腦科技產業合作，募集電腦與週邊配備，利用寒暑假遠赴海外開發中國家進行志工服務。
社會責任,拓展國際社會服務,組織重構,世紀領袖,,,,定期推派學生志工團隊前往國外服務人群。
社會責任,拓展國際社會服務,組織重構,世紀領袖,,,,經由校內人才甄選、外語課程培訓、國際議題討論、企劃組織能力、內外物資募集、跨足海外服務、結案報告撰寫、校內成果分享、校外競賽爭取榮譽等完整體驗，組織世紀領袖團隊。
社會責任,拓展國際社會服務,組織重構,世紀領袖,,,,世紀領袖經歷培訓及跨海服務，透過分享經驗及參加青年論壇等方式展出成果。
社會責任,拓展國際社會服務,組織擴張,世紀領袖,,,,世紀領袖服務內容包含關懷弱勢族群、英文與中文教學、婦女職涯發展、地方環境保育、資源生態維護、降低資訊落差等。
社會責任,拓展國際社會服務,組織擴張,世紀領袖,,,,協助當地人民掌握創新創業契機、輔導小型社會企業等。
大學治理及公共性,組織調整,學院實體化方案,以學院為核心進行課程重整、降低必修學分、增加自由選修學分及自由轉系名額、推動議題導向實作,,,,以主修代替系所打破系所藩籬，並提供延後分流的機會。
大學治理及公共性,強化招生,經營校友會、系友會,廣招境外學生擴散國際能見度,,,,馬來西亞以國民型中學及華校獨中為招生目標。
大學治理及公共性,強化招生,經營校友會、系友會,廣招境外學生擴散國際能見度,,,,香港澳門則重視與高中關係的維繫。
大學治理及公共性,強化招生,經營校友會、系友會,廣招境外學生擴散國際能見度,,,,印尼加強對印尼訓輔班宣傳。
大學治理及公共性,強化招生,爭取政府經費補助,各院英語專班全校奠定基礎,,,,大三後可申請5年一貫學碩士學程。
大學治理及公共性,拓展財源,爭取非政府單位經費補助,董事會支持及資源挹注,,,,董事會積極支持本校重大建設或大型專案計畫，並促成關係企業財務捐輸或人力支援。
大學治理及公共性,拓展財源,爭取非政府單位經費補助,國際名校教研合作,,,,"因遠東集團董事長為該校校友，未來四年可望有美金138,000經費挹注於兩校師生國際教學研究。"
大學治理及公共性,拓展財源,爭取非政府單位經費補助,國際產業菁英專案,,,,由復盛公司獎助越南優秀學生全額碩士獎學金。
大學治理及公共性,拓展財源,校務基金管理投資衍生收入,世紀領袖,,,,國際志工每年爭取公部門補助。
大學治理及公共性,拓展財源,與國外學校合作開設境外學程或課程,董事會支持及資源挹注,,,,董事會仍將持續投入辦學資源以支持校務發展，包含已允諾依教育部核定本校高等教育深耕計畫補助經費之20%，提供配合款協助本校推動整體校務發展。
大學治理及公共性,拓展財源,與國外學校合作開設境外學程或課程,世紀領袖,,,,國際志工每年自發性積極對外募款。
大學治理及公共性,拓展財源,與國外學校合作開設境外學位學程,打造開放式學習環境,,,,與桃園市消防部門合作開辦之「建築防災」學程。
大學治理及公共性,拓展財源,與國外學校合作開設境外學位學程,打造開放式學習環境,,,,建立「微學分銀行」，將學生的每個學習歷程納入學分銀行的個人帳戶成為個人履歷，並頒發學習證書。
大學治理及公共性,拓展財源,與國外學校合作開設境外學位學程,打造開放式學習環境,,,,產學專班則達開班人數即可辦理。
大學治理及公共性,拓展財源,與國外學校合作開設境外學位學程,打造開放式學習環境,,,,配合政府國防教育政策，本校與中科院已簽訂合作意向書，將合作規劃所需課程，扮演人才供需平台，共同培育國防科技人才。
大學治理及公共性,拓展財源,開設境外分校,建立助學募款機制,,,,規劃辦理校慶募款餐會、公益音樂會等活動，並與產學廠商合作增加曝光機會，活動結餘款或回饋金將專款專用於弱勢助學補助。
大學治理及公共性,拓展財源,開設境外分校,貴重儀器共同使用服務,,,,透過網路線上委測系統，提供企業廠商方便委測。其中，學校委託產學收入主要源自本校環科中心。
大學治理及公共性,推動校務研究（IR）,聘任公益或獨立董事,精進校務專業管理能力,,,,由資服處協助建置整合資料分享平台。
大學治理及公共性,推動校務研究（IR）,聘任公益或獨立董事,數位教學支援,,,,元智開放資料整理與API開發：規劃整理與爬梳校內開放資料，並開發API介面支援校務研究與創意App開發。
大學治理及公共性,推動校務研究（IR）,董事遴選制度公開透明,精進校務專業管理能力,,,,成立校務研究指導委員會，指導及推動校務資訊之蒐集與整合、審議議題研究計畫補助與研究結果。
大學治理及公共性,推動校務研究（IR）,董事遴選制度公開透明,精進校務專業管理能力,,,,於秘書室下增設校務研究中心。
大學治理及公共性,推動校務研究（IR）,建立資訊公開透明機制,精進校務專業管理能力,,,,透過量化實證資料針對校務相關議題進行分析研究。
大學治理及公共性,推動校務研究（IR）,建立資訊公開透明機制,精進校務專業管理能力,,,,加強資訊分享平台功能，並參考各項議題研究發現，協助相關政策之制定或調整，建構以證據為基礎之校務決策管理體系。
大學治理及公共性,推動校務研究（IR）,建立資訊公開透明機制,精進校務專業管理能力,,,,研究學生學習歷程與就業歷程之分析、校園生活樣態分析及在學習輔導的應用。
大學治理及公共性,推動校務研究（IR）,建立資訊公開透明機制,精進校務專業管理能力,,,,校務資源的分配聚焦於學校經費的挹注對於提升學生學業表現與教師教學績效之影響分析。
大學治理及公共性,推動校務研究（IR）,建立資訊公開透明機制,精進校務專業管理能力,,,,整合外部就業市場資訊、本校教務系統資料，以及業界主管與校內教師之問卷調查研究，建構學用合一核心能力雷達圖。
大學治理及公共性,推動校務研究（IR）,建立資訊公開透明機制,數位教學支援,,,,根據教與學服務平台（Virtual Classroom 2.0）所提供之校務資料，運用學習分析技術，建構課程層級開放性學生模型。
大學治理及公共性,健全大學治理參與制度,增加身心障礙生入學機會,強化公開辦學資訊,,,,公開的資訊除了ㄧ般校務（含董事會之組成、捐助章程、內控制度等）、財務、相關人數統計等外，亦包含近期評鑑結果、校園用電資訊、學校活動查詢等特色項目。
大學治理及公共性,健全大學治理參與制度,增加身心障礙生入學機會,強化公開辦學資訊,,,,將上述資訊整合於本校網頁首頁「辦學資訊公開」專區。
大學治理及公共性,增加弱勢生入學機會,建立/強化弱勢生支持系統,調整入學制,,,,依各高中職學校透過「身心障礙學生升學大專校院甄試委員會」開缺需求名額，鼓勵各院系儘量依高中職需求提供該招生名額。
大學治理及公共性,增加弱勢生入學機會,建立外部募款基金,調整入學制,,,,於繁星推薦與個人申請二個管道增列原住民外加名額。
大學治理及公共性,增加弱勢生入學機會,平衡人文社會及自然科學領域發展,調整入學制,,,,個人申請經由保留招生名額，優先錄取達最低錄取標準之中低收入戶或低收入戶學生。
大學治理及公共性,增加弱勢生入學機會,平衡人文社會及自然科學領域發展,調整入學制,,,,持續鼓勵各系開放弱勢學生招生名額。
大學治理及公共性,弱勢學生支持系統,強化行政職能,精進專業課程學習輔導,,,,整合課業輔導與經濟扶助機制，核給完成課輔課程之弱勢學生適當的學習助學金。
大學治理及公共性,弱勢學生支持系統,強化行政職能,精進專業課程學習輔導,,,,結合助學募款機制，研訂相關獎助方案，例如：外語檢定補助與獎勵、資訊或其他專業證照訓練/檢定補助與獎勵等活動費補助。
大學治理及公共性,弱勢學生支持系統,強化行政職能,強化身心障礙學生心理健康照護,,,,針對學年平均成績維持75分及80分以上之身障生發給助學金。
大學治理及公共性,弱勢學生支持系統,強化行政職能,實施經濟扶助,,,,"助學金：針對家庭年所得70萬元以下之學生，依據其家庭年所得，提供5,000元至35,000元不等之助學金（補助級距分5級）。"
大學治理及公共性,弱勢學生支持系統,強化行政職能,實施經濟扶助,,,,"生活助學金：依學生需求及個別情形，核發每月6,000元（含）以上之生活助學金並安排生活服務學習，或核給每月3,000元以上未達6,000元之生活助學金（不安排生活服務學習）。"
大學治理及公共性,弱勢學生支持系統,強化行政職能,實施經濟扶助,,,,緊急紓困助學金：以學校自籌經費，設有經濟協助、無限安心就學及勤學助學金等方案。
大學治理及公共性,弱勢學生支持系統,強化行政職能,實施經濟扶助,,,,住宿優惠：提供低收入戶學生校內宿舍免費住宿，另亦提供中低收入戶學生優先入住校內宿舍權利。
大學治理及公共性,弱勢學生支持系統,強化行政職能,建立助學募款機制,,,,延續本校自籌提供之「無限安心就學」等助學方案，持續發起教職員生自願性捐款。
大學治理及公共性,弱勢學生支持系統,強化行政職能,建立助學募款機制,,,,規劃推動以院系或學生社團為單位，籌募及提供專用之緊急紓困助學金或學習助學金等。
大學治理及公共性,弱勢學生支持系統,強化行政職能,建立助學募款機制,,,,邀請校友會及相關社團組織、EMBA校友協助捐款。
大學治理及公共性,弱勢學生支持系統,建立計畫管考機制,精進專業課程學習輔導,,,,提供合理時數的校園工讀機會。
大學治理及公共性,弱勢學生支持系統,建立計畫管考機制,精進專業課程學習輔導,,,,優先鼓勵成績優秀或學習表現不錯的弱勢學生提供課輔服務。
大學治理及公共性,弱勢學生支持系統,建立計畫管考機制,精進專業課程學習輔導,,,,依弱勢學生課業學習程度，規劃大班制（30人以上/班）、小班制（30人以下/班）及一對一課輔等三種課程輔導方式。
大學治理及公共性,弱勢學生支持系統,建立計畫管考機制,精進專業課程學習輔導,,,,鼓勵弱勢學生參加學習相關講座或工作坊。
大學治理及公共性,弱勢學生支持系統,建立計畫管考機制,精進專業課程學習輔導,,,,針對需求較高之重點課程（含英文課程及程式語言課程）加強輔導。
大學治理及公共性,弱勢學生支持系統,建立計畫管考機制,強化身心障礙學生心理健康照護,,,,安排個別及團體輔導。
大學治理及公共性,弱勢學生支持系統,建立計畫管考機制,強化身心障礙學生心理健康照護,,,,辦理紓壓、生命教育、人際關係等活動。
大學治理及公共性,弱勢學生支持系統,建立計畫管考機制,強化身心障礙學生心理健康照護,,,,社會適應力：激勵身障生擔任輔導義工，共同規劃校外社區關懷及服務活動。
大學治理及公共性,弱勢學生支持系統,建立計畫管考機制,強化身心障礙學生心理健康照護,,,,提供課業輔導，聘請同儕或講師陪同擬定讀書計畫。
大學治理及公共性,弱勢學生支持系統,建立計畫管考機制,強化身心障礙學生心理健康照護,,,,職涯發展力：對於身障新生及畢業生召開轉銜輔導會議，提供職涯輔導資源，安排相關測驗及活動。
大學治理及公共性,弱勢學生支持系統,建立計畫管考機制,實施經濟扶助,,,,藉由服務活動內化社會關懷態度及建立健全品格。
大學治理及公共性,弱勢學生支持系統,建立計畫管考機制,實施經濟扶助,,,,辦理元智多元學習護照活動，強化扶助方案之學習內涵，擴大照護弱勢學生。
大學治理及公共性,弱勢學生支持系統,建立計畫管考機制,實施經濟扶助,,,,透過專案計畫及學習型組織之建立，以同儕激勵與團隊合作方式，共同規劃課程與訓練、自我企劃與服務實踐等。
大學治理及公共性,弱勢學生支持系統,建立計畫管考機制,結合學習歷程強化就業輔導機制,,,,針對弱勢學生設計推動，期透過評測工具，協助學生認識自己的人格特質及工作風格。
大學治理及公共性,弱勢學生支持系統,建立計畫管考機制,過「O*PASS求職競爭力」、「職場優勢」情境評量，協助申請實習或求職學生了解其求職準備程度，並鑑別其當下的職場核心能力與企業期待差異。#弱勢學生支持系統（建立/強化弱勢生支持系統）,,,,透過「O*PASS求職競爭力」、「職場優勢」情境評量，協助申請實習或求職學生了解其求職準備程度，並鑑別其當下的職場核心能力與企業期待差異。
大學治理及公共性,弱勢學生支持系統,建立計畫管考機制,建立助學募款機制,,,,鼓勵校友擔任業師，認養弱勢學弟妹，指引其學習與職涯方向或協助其就業。
大學治理及公共性,弱勢學生支持系統,基礎建設及硬體設備提升,建立助學募款機制,,,,對母集團遠東集團關係企業、產學合作廠商等外部機構推動勸募。
大學治理及公共性,弱勢學生支持系統,基礎建設及硬體設備提升,建立助學募款機制,,,,積極尋求企業廠商擔任公益夥伴，並透過公益募款平台、元智電子報、校內電視牆等，提供助學募款內容及相關資訊。
大學治理及公共性,其他,建置開放式線上課程,打造開放式學習環境,,,,終身教育部結合校內各學院資源及開放平台數位課程，輔以終身會員制及網路社群經營，規劃建構「終身學習學苑」，累積足夠學分後得申請參與學程學力測試，以取得學分學程證明或專業證照。
大學治理及公共性,其他,,積極延攬國內外優秀人才,,,,退休撫卹：自辦「元智退撫儲金制度」，讓本校教師有機會獲得與公立大學教師相當之退休保障。
